{"cameraMode":{"drawMode":0,"name":"Shaded","section":"Shading Mode"},"sceneLighting":true,"audioPlay":false,"sceneViewState":{"showFog":true,"showMaterialUpdate":true,"showSkybox":true,"showFlares":true,"showImageEffects":true,"showParticleSystems":true},"in2DMode":false,"pivot":{"x":45.475223541259769,"y":-1.8925182819366456,"z":150.72393798828126},"rotation":{"x":-0.01611587405204773,"y":0.9766225814819336,"z":0.07897573709487915,"w":0.1992945820093155},"size":2.0398311614990236,"orthographic":false}